Date,Clicks,Impressions,CTR,Position
2026-06-28,2,188,1.06%,39.8
2026-06-29,0,234,0%,35.8
2026-06-30,0,215,0%,37.5
2026-07-01,2,237,0.84%,35.9
2026-07-02,2,215,0.93%,37.5
2026-07-03,0,250,0%,44.3
2026-07-04,0,314,0%,54.3
2026-07-05,0,380,0%,51.1
2026-07-06,3,576,0.52%,33.9
2026-07-07,1,499,0.2%,25.5
2026-07-08,3,492,0.61%,23
2026-07-09,1,487,0.21%,27.4
2026-07-10,1,507,0.2%,28.8
2026-07-11,0,366,0%,38
2026-07-12,4,344,1.16%,34.7
2026-07-13,1,283,0.35%,38.2
2026-07-14,0,251,0%,35.9
2026-07-15,3,261,1.15%,33.6
2026-07-16,1,263,0.38%,35.6
2026-07-17,1,253,0.4%,34.2
2026-07-18,0,179,0%,34.2
2026-07-19,0,195,0%,35.6
2026-07-20,2,195,1.03%,30.5
2026-07-21,3,253,1.19%,29.9
2026-07-22,5,221,2.26%,27.1
2026-07-23,3,218,1.38%,29.6
2026-07-24,1,197,0.51%,32.4
2026-07-25,0,175,0%,31.6
2026-07-26,1,182,0.55%,33.4
2026-07-27,2,247,0.81%,30.1
2026-07-28,0,154,0%,34.4
2026-07-29,2,198,1.01%,27.1
2026-07-30,1,204,0.49%,31.4
2026-07-31,2,221,0.9%,33.3
2026-08-01,2,168,1.19%,33.4
2026-08-02,1,168,0.6%,35
2026-08-03,3,202,1.49%,37.4
2026-08-04,8,240,3.33%,33
2026-08-05,0,237,0%,35.1
2026-08-06,5,196,2.55%,35.3
2026-08-07,0,212,0%,37.2
2026-08-08,1,174,0.57%,38.5
2026-08-09,2,199,1.01%,35.4
2026-08-10,0,213,0%,38.7
2026-08-11,1,282,0.35%,35.9
2026-08-12,4,218,1.83%,37.5
2026-08-13,0,196,0%,36.9
2026-08-14,3,217,1.38%,41.9
2026-08-15,1,204,0.49%,39.6
2026-08-16,0,210,0%,36.7
2026-08-17,2,274,0.73%,42.8
2026-08-18,2,226,0.88%,35.8
2026-08-19,1,222,0.45%,38.9
2026-08-20,0,220,0%,40.1
2026-08-21,3,209,1.44%,39.3
2026-08-22,1,200,0.5%,42
2026-08-23,1,217,0.46%,43.6
2026-08-24,2,214,0.93%,42.1
2026-08-25,2,250,0.8%,42.7
2026-08-26,2,213,0.94%,32.2
2026-08-27,1,237,0.42%,43
2026-08-28,3,222,1.35%,41.2
2026-08-29,0,222,0%,46.7
2026-08-30,2,204,0.98%,46.1
2026-08-31,1,251,0.4%,44.1
2026-09-01,0,217,0%,38.7
2026-09-02,1,148,0.68%,39.7
2026-09-03,1,138,0.72%,37.8
2026-09-04,1,152,0.66%,47.4
2026-09-05,0,118,0%,40.3
2026-09-06,3,163,1.84%,34.2
2026-09-07,1,137,0.73%,39.6
2026-09-08,4,168,2.38%,36.1
2026-09-09,2,144,1.39%,36.2
2026-09-10,3,126,2.38%,30.4
2026-09-11,3,121,2.48%,41.5
2026-09-12,0,123,0%,43.9
2026-09-13,0,120,0%,48
2026-09-14,1,164,0.61%,42.3
2026-09-15,5,184,2.72%,33.1
2026-09-16,0,117,0%,33.8
2026-09-17,0,88,0%,25.5
2026-09-18,0,81,0%,29.6
2026-09-19,0,73,0%,27.5
2026-09-20,2,69,2.9%,23.3
2026-09-21,2,133,1.5%,24.2
2026-09-22,2,84,2.38%,19
2026-09-23,0,74,0%,29.7
2026-09-24,1,89,1.12%,27.3
2026-09-25,4,75,5.33%,21.4
2026-09-26,1,72,1.39%,25.8
2026-09-27,2,95,2.11%,18.9