Country,Clicks,Impressions,CTR,Position
India,123,12917,0.95%,37.09
United States,7,3850,0.18%,29.84
United Kingdom,2,647,0.31%,49.23
United Arab Emirates,1,175,0.57%,38.97
Germany,1,60,1.67%,22.95
Nepal,1,57,1.75%,5.11
Ireland,1,55,1.82%,76.96
Ethiopia,1,15,6.67%,19.8
Nigeria,1,11,9.09%,10.82
Iraq,1,4,25%,25.5
Myanmar (Burma),1,1,100%,7
Saudi Arabia,0,120,0%,43.74
Australia,0,100,0%,46.84
Vietnam,0,99,0%,43.4
Philippines,0,97,0%,47.27
Singapore,0,90,0%,34.04
Canada,0,62,0%,24.9
France,0,60,0%,18
Bangladesh,0,60,0%,43.72
Indonesia,0,51,0%,46.94
Brazil,0,47,0%,20.53
Turkey,0,47,0%,45.91
Hong Kong,0,45,0%,13.2
Mexico,0,43,0%,39.09
Thailand,0,41,0%,40.15
Pakistan,0,39,0%,17.64
Switzerland,0,39,0%,54.59
Denmark,0,38,0%,41.39
Morocco,0,32,0%,47.78
Russia,0,31,0%,50.32
South Korea,0,29,0%,10.34
Netherlands,0,29,0%,22
Malaysia,0,26,0%,57.42
Sweden,0,24,0%,27.67
Algeria,0,24,0%,49.29
Bulgaria,0,23,0%,42.83
Spain,0,20,0%,28.5
Norway,0,17,0%,17.71
Estonia,0,17,0%,37.94
Italy,0,16,0%,15
Japan,0,14,0%,14.21
Colombia,0,14,0%,27.5
Argentina,0,13,0%,16.08
Israel,0,12,0%,42.25
El Salvador,0,11,0%,3
Sri Lanka,0,11,0%,21.27
Qatar,0,11,0%,26.18
Ukraine,0,11,0%,37.27
Belgium,0,10,0%,66.7
Poland,0,9,0%,12.44
Egypt,0,8,0%,25.5
Ecuador,0,8,0%,26.12
South Africa,0,8,0%,32.5
New Zealand,0,8,0%,48.25
Kuwait,0,6,0%,5.33
Peru,0,6,0%,6.83
Cambodia,0,6,0%,17
Jordan,0,6,0%,53
Monaco,0,6,0%,87.5
Ghana,0,5,0%,16.4
Taiwan,0,5,0%,16.4
Austria,0,5,0%,20.4
Chile,0,5,0%,20.6
Portugal,0,5,0%,23.6
Oman,0,4,0%,4.25
China,0,4,0%,8.75
Romania,0,4,0%,20.5
Finland,0,4,0%,25.75
Tanzania,0,3,0%,7
Kazakhstan,0,3,0%,7.67
Armenia,0,3,0%,13.67
Paraguay,0,3,0%,27.67
Kenya,0,2,0%,1
Dominican Republic,0,2,0%,2.5
Rwanda,0,2,0%,3.5
Bahrain,0,2,0%,4.5
Lithuania,0,2,0%,5.5
Czechia,0,2,0%,6.5
Guatemala,0,2,0%,8
Uruguay,0,2,0%,8
Lebanon,0,2,0%,8.5
Georgia,0,2,0%,9
Somalia,0,2,0%,10
Greece,0,2,0%,19.5
Venezuela,0,2,0%,54.5
Bosnia & Herzegovina,0,2,0%,63.5
Mauritius,0,1,0%,1
Serbia,0,1,0%,1
Zambia,0,1,0%,1
Congo - Kinshasa,0,1,0%,2
Chad,0,1,0%,3
Iran,0,1,0%,4
Tajikistan,0,1,0%,4
Guadeloupe,0,1,0%,6
Honduras,0,1,0%,6
Guyana,0,1,0%,7
Fiji,0,1,0%,9
Belize,0,1,0%,10
Trinidad & Tobago,0,1,0%,10
Tunisia,0,1,0%,10
Uganda,0,1,0%,15
Zimbabwe,0,1,0%,21
Cyprus,0,1,0%,23
Samoa,0,1,0%,23
Palestine,0,1,0%,28
Burkina Faso,0,1,0%,30
Gabon,0,1,0%,32
Bolivia,0,1,0%,35
Belarus,0,1,0%,44
Azerbaijan,0,1,0%,46
Togo,0,1,0%,55
Hungary,0,1,0%,72
Latvia,0,1,0%,83