Top pages,Clicks,Impressions,CTR,Position
https://aadit.net/,104,4514,2.3%,8.87
https://aadit.net/careers,10,208,4.81%,6.11
https://aadit.net/blog/cyber-security-companies-bangalore,9,624,1.44%,12.83
https://aadit.net/contact,4,572,0.7%,8.22
https://aadit.net/blog/top-soc-service-providers-in-india-secure-your-business,2,3497,0.06%,62.79
https://aadit.net/blog/top-cyber-security-companies-in-india-safeguarding-digital-future,2,528,0.38%,50.55
https://aadit.net/blog/cross-domain-attacks-threats-mitigation,2,527,0.38%,31.74
https://aadit.net/blog/essential-siem-tools-for-organizations,1,543,0.18%,29.78
https://aadit.net/blog/soc-2-compliance-services-india,1,395,0.25%,50.57
https://aadit.net/blog/cloud-cost-optimization-indian-businesses,1,393,0.25%,19.47
https://aadit.net/blog/best-vapt-tools-for-security-testing-aadit-technologies/,1,141,0.71%,58.59
https://aadit.net/it-managed-services/managed-it-services,1,126,0.79%,6.88
http://www.aadit.net/,1,103,0.97%,3.47
https://aadit.net/blog/soc-1-vs-soc-2-key-differences-for-indian-businesses,1,46,2.17%,24.98
https://aadit.net/blog/common-computer-attacks-guide,1,36,2.78%,35.72
https://aadit.net/cybersecurity/email-security,1,26,3.85%,24.23
https://aadit.net/privacy-policy,1,15,6.67%,5.87
https://aadit.net/blog/managed-soc-services-in-india,0,1170,0%,53.35
https://aadit.net/blog/soc-services-in-india,0,1036,0%,84.34
https://aadit.net/blog/cloud-migration-services-in-india-strategy-benefits-best-practices,0,953,0%,16
https://aadit.net/blog/vapt-full-form-comprehensive-vapt-testing-services-in-india-aadit-technologies,0,927,0%,8.23
https://aadit.net/blog/top-soc-service-providers-in-india-secure-your-business/,0,788,0%,58.46
https://aadit.net/blog/cyber-security-in-india-trends-challenges-growth,0,688,0%,65.21
https://aadit.net/blog/it-systems-management-monitoring-support-guide,0,437,0%,41.82
https://aadit.net/it-managed-services/cloud-optimization,0,297,0%,49.7
https://aadit.net/blog/services-vapt-understanding-vapt/,0,281,0%,14.82
https://aadit.net/glossary/iso-27001,0,259,0%,83.66
https://aadit.net/cybersecurity,0,257,0%,7.48
https://aadit.net/blog/best-vapt-tools-for-security-testing-aadit-technologies,0,233,0%,43.89
https://aadit.net/blog/top-10-cybersecurity-strategies-to-strengthen-your-enterprise-security,0,213,0%,37.73
https://aadit.net/blog/cybersecurity-companies-in-india-top-leaders/,0,204,0%,57.63
https://aadit.net/it-managed-services/helpdesk-support,0,201,0%,7.67
https://aadit.net/blog/cyber-security-companies-bangalore/,0,180,0%,19.33
https://aadit.net/compliance/soc2,0,163,0%,63.19
https://aadit.net/cybersecurity/endpoint-security,0,163,0%,66.15
https://aadit.net/industries/healthcare-bfsi,0,142,0%,6.86
https://aadit.net/blog/soc-services-in-india/,0,140,0%,68.16
https://aadit.net/about,0,136,0%,3.62
https://aadit.net/blog/managed-it-service-providers-india/,0,123,0%,52.18
https://aadit.net/team,0,114,0%,5.9
https://aadit.net/it-managed-services/cloud-migration,0,114,0%,54.85
https://aadit.net/hipaa-compliance-solutions/,0,108,0%,59.07
https://aadit.net/blog/managed-soc-services-managed-security-services-with-soc/,0,105,0%,72.59
https://aadit.net/contact-us/,0,95,0%,6.25
https://aadit.net/it-managed-services/cloud-infrastructure,0,71,0%,11.24
https://aadit.net/blog/soc-as-a-service-for-indian-organizations,0,68,0%,55.01
https://aadit.net/cybersecurity/consulting,0,65,0%,8.91
https://aadit.net/gdpr-compliance-solutions/,0,64,0%,55.33
https://aadit.net/blog/cyber-security-companies-bangalore-experts/,0,52,0%,54.04
https://aadit.net/cybersecurity/soc-as-a-service,0,52,0%,79
https://aadit.net/glossary/soc,0,49,0%,71.92
https://aadit.net/blog/vapt-full-form-comprehensive-vapt-testing-services-in-india-aadit-technologies/,0,49,0%,76.57
https://aadit.net/blog,0,46,0%,24.48
https://aadit.net/blog/managed-soc-services-managed-soc-for-banks/,0,44,0%,29.91
https://aadit.net/cybersecurity/managed-soc,0,43,0%,41.7
https://aadit.net/blog/cybersecurity-compliance-next-gen-soc-2025,0,43,0%,43.09
https://aadit.net/glossary,0,43,0%,51.14
https://aadit.net/cloud-migration-services/,0,42,0%,70.33
https://aadit.net/cloud-infrastructure-solutions/,0,40,0%,4.85
https://aadit.net/blog/compliance-audit-services-soc-2-certification,0,39,0%,64.59
https://aadit.net/blog/types-of-vapt-services-security-assessment-guide/,0,36,0%,17.11
https://aadit.net/compliance,0,34,0%,12.65
https://aadit.net/compliance/gdpr,0,33,0%,58.76
https://aadit.net/cybersecurity/vapt,0,28,0%,74.86
https://aadit.net/blog/services-vapt-vapt-report,0,28,0%,80.36
https://aadit.net/firewall-network-security-solutions/,0,27,0%,5.07
https://aadit.net/industries/startups,0,27,0%,16.59
https://aadit.net/soc2-certification/,0,27,0%,65.48
https://aadit.net/compliance/iso-27001,0,25,0%,25.04
https://aadit.net/authors/anil-gorraladaku,0,24,0%,3.46
https://aadit.net/blog/managed-soc-services-comprehensive-cybersecurity-with-managed-soc/,0,24,0%,26.08
https://aadit.net/blog/soc-2-compliance-services-india/,0,24,0%,60.46
https://aadit.net/authors/srinivas-gadicherla,0,23,0%,3.39
https://aadit.net/blog/understanding-the-digital-personal-data-protection-act-dpdp-act-in-india,0,23,0%,52.26
https://aadit.net/blog/top-cyber-security-companies-in-india-safeguarding-digital-future/,0,23,0%,79.43
https://aadit.net/cybersecurity/firewall-network-security,0,21,0%,14.38
https://aadit.net/compliance/pci-dss,0,21,0%,37.62
https://aadit.net/it-managed-services/backup-disaster-recovery,0,20,0%,41.35
https://aadit.net/blog/compliance-audit-services-iso-27001-certification,0,20,0%,75.2
https://aadit.net/iso-42001-certification/,0,20,0%,75.5
https://aadit.net/cybersecurity-services-india/,0,19,0%,6.79
https://aadit.net/whitepapers,0,19,0%,22.42
https://aadit.net/blog/vapt-methodology-step-by-step-guide/,0,18,0%,17.33
https://aadit.net/blog/vulnerability-scanning-tools-fix-security-gaps-before-hackers-do,0,17,0%,26.82
https://aadit.net/cyber-security-consulting-services/,0,16,0%,3.75
https://aadit.net/blog/cloud-migration-services-in-india-strategy-benefits-best-practices/,0,16,0%,10.69
https://aadit.net/cloud-optimization-services/,0,16,0%,57.69
https://aadit.net/blog/cybersecurity-consulting-services-ai-consulting-for-enterprises/,0,15,0%,11
https://aadit.net/blog/soc-1-vs-soc-2-key-differences-for-indian-businesses/,0,15,0%,14.8
https://aadit.net/blog/cscrf-cybersecurity-and-cyber-resilience-framework-india,0,15,0%,46.13
https://aadit.net/glossary/siem,0,13,0%,76.46
https://aadit.net/compliance/hipaa,0,11,0%,46
https://aadit.net/blog/cloud-optimization-strategies/,0,11,0%,46.27
https://aadit.net/industries/ecommerce-fintech,0,10,0%,5.8
https://aadit.net/security-as-a-service-india/,0,10,0%,6.2
https://aadit.net/privacy-policy/,0,10,0%,6.6
https://aadit.net/blog/cybersecurity-consulting-services-ai-consulting-for-enterprises,0,9,0%,25.44
https://aadit.net/glossary/hipaa,0,9,0%,54
https://aadit.net/blog/page/2,0,8,0%,5.38
https://aadit.net/managed-it-services-india/,0,8,0%,14.38
https://aadit.net/it-support-services/,0,7,0%,5.57
https://aadit.net/compliance/iso-42001,0,7,0%,7.14
https://aadit.net/blog/cyber-security-in-india-trends-challenges-growth/,0,7,0%,22.71
https://aadit.net/compliance/iso-9001,0,6,0%,4
https://aadit.net/blog/soc-2-compliance-services-india#aadit-technologies-your-end-to-end-soc-2-compliance-partner-in-india,0,6,0%,7.67
https://aadit.net/blog/soc-2-compliance-services-india#why-is-soc-2-compliance-crucial-for-businesses-in-india,0,6,0%,7.67
https://aadit.net/blog/iso-42001-certification-consulting-india/,0,6,0%,9
https://aadit.net/blog/iso-42001-certification-consulting-india,0,6,0%,17.83
https://aadit.net/blog/data-migration-for-indian-enterprises,0,6,0%,18.17
https://aadit.net/glossary/pci-dss,0,6,0%,59.83
https://aadit.net/blog/services-vapt-vapt-report/,0,5,0%,30
https://aadit.net/blog/data-migration-for-indian-enterprises/,0,5,0%,58
https://aadit.net/managed-it-services/,0,4,0%,6.25
https://aadit.net/managed-soc-services/,0,4,0%,9.5
https://aadit.net/iso-27001-consulting‐india/,0,4,0%,19.75
https://aadit.net/glossary/soc-2,0,4,0%,20.5
https://aadit.net/iso-27001-certification-services/,0,4,0%,25.5
https://aadit.net/blog/cybercrime-in-india-essential-guide,0,3,0%,3.67
https://aadit.net/backup-and-disaster-recovery-solutions/,0,3,0%,4.33
https://aadit.net/compliance-audit-services-india/,0,3,0%,6.33
https://aadit.net/blog/soc-2-compliance-services-india#achieve-soc-2-compliance-in-india-with-aadit-technologies-your-trusted-partner-for-data-security--trust,0,3,0%,8.33
https://aadit.net/blog/soc-2-compliance-services-india#frequently-asked-questions-faq,0,3,0%,8.33
https://aadit.net/blog/soc-2-compliance-services-india#understanding-the-soc-2-trust-services-criteria-tsc,0,3,0%,8.33
https://aadit.net/blog/soc-2-compliance-services-india#what-is-soc-2-compliance,0,3,0%,8.33
https://aadit.net/blog/soc-2-compliance-services-india#why-choose-aadit-technologies-for-soc-2-in-india,0,3,0%,8.33
https://aadit.net/glossary/gdpr,0,3,0%,86.33
https://aadit.net/thank-you/,0,2,0%,6.5
https://aadit.net/home/attachment/aad-1/,0,2,0%,9.5
https://aadit.net/pci-dss-compliance-solutions/,0,2,0%,37
https://aadit.net/24x7-managed-soc-services/,0,1,0%,1
https://aadit.net/compliance/dpdp-act,0,1,0%,1
https://aadit.net/landing-page-soc/attachment/pexels-photo-17323801/,0,1,0%,1
https://aadit.net/landing-page-soc/attachment/security-2-svgrepo-com-1/,0,1,0%,5
https://aadit.net/whitepapers-cybersecurity-india/,0,1,0%,5
https://aadit.net/email-security-solutions/,0,1,0%,6
https://aadit.net/landing-page-soc/attachment/bar-svgrepo-com/,0,1,0%,6
https://aadit.net/endpoint-security-solutions/,0,1,0%,7
https://aadit.net/blog/soc-as-a-service-for-indian-organizations/,0,1,0%,9
https://aadit.net/landing-page-soc/attachment/arrow-trend-down-svgrepo-com/,0,1,0%,9
https://aadit.net/24x7-managed-soc-services/attachment/arrow-trend-down-svgrepo-com-1/,0,1,0%,10
https://aadit.net/blog/page/4,0,1,0%,11
https://aadit.net/vulnerability-assessment-penetration-testing-vapt-services/,0,1,0%,11
https://aadit.net/blog/soc-2-compliance-services-india-2/,0,1,0%,34
https://aadit.net/compare/soc-2-vs-iso-27001,0,1,0%,96
https://aadit.net/glossary/vapt,0,1,0%,98