Top queries,Clicks,Impressions,CTR,Position
aadit technologies,54,241,22.41%,3.22
aadit,10,2016,0.5%,6.76
aadit techno solutions,3,76,3.95%,8.96
list of cyber security companies in bangalore,2,18,11.11%,40.72
aaditing,1,16,6.25%,7.62
aashdit technologies,1,6,16.67%,2
vapt full form,0,865,0%,2.67
soc service providers in india,0,463,0%,58.96
cross domain,0,284,0%,33.97
managed soc services in india,0,278,0%,46.15
it systems management,0,262,0%,28.18
soc services companies in india,0,235,0%,56.34
soc services in india,0,218,0%,48.56
soc service provider,0,217,0%,60.64
cloud migration services india,0,212,0%,16.66
soc providers,0,185,0%,60.63
top soc as a service providers,0,178,0%,52.82
soc solution provider,0,174,0%,66.3
soc service providers,0,171,0%,60.11
top soc service provider,0,169,0%,47.59
best soc as a service,0,164,0%,66.73
top soc providers,0,163,0%,47.21
soc provider companies,0,160,0%,60.04
soc as service provider in india,0,160,0%,60.4
soc as service vendors in india,0,159,0%,54.26
best soc as a service provider in india,0,158,0%,53.18
soc companies in india,0,155,0%,51.42
top soc as a service provider,0,148,0%,52.82
best soc as a service provider,0,144,0%,60.78
current state of cybersecurity in india,0,143,0%,70.32
cloud security companies in india,0,142,0%,44.85
india cloud migration services market,0,127,0%,14.72
cloud infrastructure optimization services,0,125,0%,60.88
soc service providers india,0,120,0%,50.47
state of cybersecurity in india,0,107,0%,67.77
best soc providers in india,0,102,0%,50.15
siem tool,0,101,0%,33.29
best soc providers in west of india,0,99,0%,55.56
cyber technology company,0,98,0%,52.39
state of cyber security in india,0,98,0%,71.08
articles on cyber security in india,0,96,0%,69.3
custom cloud migration plan india,0,92,0%,16.67
cross domain security,0,92,0%,41.63
soc india,0,91,0%,60.19
cloud migration companies in india,0,89,0%,15.35
vapt tools for windows,0,88,0%,57.65
soc vendors,0,88,0%,72.66
best soc service provider,0,87,0%,53.6
endpoint application isolation and containment technology,0,83,0%,74.43
cloud cost optimization for enterprises india,0,81,0%,16.69
ai soc vendors in india,0,81,0%,59.4
cloud migration services in india,0,77,0%,20.57
siem it,0,75,0%,30.29
cyber security issues in india,0,69,0%,60.9
vapt,0,68,0%,57.31
enterprise it security,0,67,0%,46.51
soc 2 certification,0,66,0%,67.14
soc 2 compliance,0,61,0%,82.38
iso 27001,0,60,0%,87.4
siem technologies,0,57,0%,26.07
"what are the best methods to audit and reduce monthly enterprise cloud 
spending cloud transformation",0,55,0%,45.2
soc providers in india,0,55,0%,56.04
soc companies,0,53,0%,63.4
soc as a service providers,0,52,0%,77
soc 2 as a service,0,51,0%,64.39
siem tools cyber security,0,50,0%,29
hipaa it solutions,0,49,0%,57.69
vapt tools list,0,49,0%,70.98
cloud optimisation services in bangalore,0,47,0%,14.98
cloud data migration experts india,0,45,0%,16.69
consumer cyber security companies,0,45,0%,39.93
cloud migration security services,0,43,0%,63.05
it cost optimization services india,0,41,0%,19
vapt tools,0,40,0%,48.7
cloud optimization services india,0,38,0%,11.16
cyber security in india,0,38,0%,65.5
azure cloud optimization service in india,0,37,0%,16.59
enterprise security options,0,37,0%,33.54
soc as a service india,0,37,0%,77.84
it system management,0,36,0%,46.86
cyber security industry in india,0,36,0%,56.92
cloud optimisation service providers in india,0,35,0%,12.31
cloud based soc as a service,0,35,0%,100.03
enterprise cloud migration consulting india,0,34,0%,20
enterprise cybertrust strategies,0,33,0%,34.18
enterprise cloud migration services india,0,32,0%,15.53
types of vapt,0,32,0%,45.97
what is vapt,0,32,0%,52.94
cyber security product based companies,0,32,0%,63.62
product based companies for cyber security,0,32,0%,65.53
managed cybersecurity services india,0,32,0%,67.97
cyber technology companies,0,31,0%,46.61
top cyber security companies in india 2019,0,31,0%,65.39
soc 2 compliance service,0,29,0%,31.52
soc managed services,0,29,0%,70.1
iso 27001 it security standards,0,29,0%,82.52
24/7 soc services,0,28,0%,77.21
"""which sector is mentioned alongside bfsi & healthcare for compliance needs""",0,27,0%,7.11
socaas providers,0,27,0%,84.26
adit management system,0,26,0%,58.27
india top soc service provider,0,25,0%,59.52
soc services india,0,25,0%,64.44
where can i subscribe to cloud optimization services in denmark?,0,25,0%,69.48
security managed services in india,0,25,0%,71.76
siem threat detection,0,24,0%,20.62
best computer security companies,0,24,0%,64.17
it infrastructure migration specialist,0,24,0%,81.71
which sector is mentioned alongside bfsi and healthcare for compliance needs,0,23,0%,5.87
cyber security organizations in india,0,23,0%,41.3
managed soc services india,0,23,0%,42.83
it system monitoring,0,23,0%,96.04
cloud migration for small business india,0,22,0%,30.82
managed soc service providers,0,22,0%,54.68
what are siem tools,0,21,0%,29.05
gdpr compliance solutions,0,21,0%,44.52
soc provider,0,21,0%,71.38
managing it systems,0,20,0%,51.55
vapt testing,0,20,0%,72.05
soc2 compliance,0,20,0%,84.25
cloud optimization services companies in india,0,19,0%,10.79
it security companies in bangalore,0,19,0%,20.95
information security companies in bangalore,0,19,0%,27.63
cloud migration service in india,0,18,0%,11.83
best vapt tools,0,18,0%,17.44
vapt meaning,0,18,0%,17.83
soc 2 compliance services,0,18,0%,22.22
seim tool,0,18,0%,33.11
soc managed service providers,0,18,0%,51.89
managed soc service,0,18,0%,80.5
cyber siem,0,17,0%,27.29
managed soc compliance provider,0,17,0%,37.94
managed soc pricing,0,17,0%,45.65
it managed services in india,0,17,0%,48.24
soc managed services providers,0,17,0%,54.88
vapt software,0,17,0%,61.65
top cyber security companies 2020,0,17,0%,63.35
iso/iec 27001,0,17,0%,76
soc as a service vendors,0,17,0%,77.47
soc as a service companies,0,17,0%,85.24
"i live in bangalore as a cybersecurity professional, i care about digital 
trust. i’m interested in who’s setting the bar for secure, compliant, and 
privacy-first operations. and are prioritizing cybersecurity as part of 
their innovation strategy. which banks are currently leading in ai patents, 
research, and publications? for each bank, discuss pros and cons in the 
context of ai patents, research, and publications.",0,16,0%,9.31
soc compliance service,0,16,0%,15.94
leading it security companies,0,16,0%,36.06
endpoint exploit prevention,0,16,0%,50.38
what is iso 27001,0,16,0%,90.5
cyber security company in bangalore,0,15,0%,16.2
best cloud cost optimization company in india,0,15,0%,20.53
dedicated cybersecurity resource for enterprise,0,15,0%,38.93
security product companies,0,15,0%,60.4
soc security services in india,0,15,0%,79
meet security compliance,0,15,0%,81.6
"i live in bangalore as a cybersecurity professional, i care about digital 
trust. i’m interested in who’s setting the bar for secure, compliant, and 
privacy-first operations. and are prioritizing cybersecurity as part of 
their innovation strategy. which banks are currently leading in ai 
initiatives, partnerships, and acquisitions? for each bank, discuss pros 
and cons in the context of ai initiatives, partnerships, and acquisitions.",0,14,0%,9.57
threat detection siem,0,14,0%,19.79
advisionit cloud services,0,14,0%,47.79
vapt scanning tools,0,14,0%,59.07
managed soc,0,14,0%,63.36
it monitoring and management,0,14,0%,79.29
cloud and infrastructure managed services india,0,13,0%,16
security system companies in bangalore,0,13,0%,34.31
top 5 soc companies,0,13,0%,48.92
challenges of cyber security in india,0,13,0%,49.92
india cybersecurity,0,13,0%,59.38
aadvi tech solutions,0,13,0%,67.69
vapt fullform,0,12,0%,1
enterprise security strategies,0,12,0%,26.25
secure server cloud migration in india,0,12,0%,28.58
cybersecurity trends india,0,12,0%,43.5
vapt means,0,12,0%,44.83
what is vapt in cyber security,0,12,0%,67
adit ahmedabad,0,12,0%,72.67
iso27001,0,12,0%,89.42
managed security solutions in bangalore,0,11,0%,7.55
siem tools in cyber security,0,11,0%,33.73
infrastructure security companies,0,11,0%,54.91
device management patching endpoint protection compliance reporting pricing,0,11,0%,73.18
managed it monitoring,0,11,0%,73.55
soc services company,0,11,0%,78
it support for hipaa compliance,0,11,0%,84.45
cross domain attacks,0,10,0%,10.5
soc 2 type 2 compliance services,0,10,0%,22.7
managed soc for financial institutions,0,10,0%,24.2
siem tools,0,10,0%,25.9
soc for continuous monitoring as per rbi,0,10,0%,28.5
cyber software company in bangalore,0,10,0%,37.7
cloud security companies india,0,10,0%,54.5
siem audit,0,10,0%,54.9
managed soc providers,0,10,0%,64.2
what is soc,0,10,0%,65.3
it infrastructure optimization services,0,10,0%,70.7
vapt audit meaning,0,10,0%,71.9
soc 2 certification in manchester,0,10,0%,78.2
soc it security,0,10,0%,79.2
cyber security listed companies in india,0,10,0%,84.7
soc 2 compliant,0,10,0%,88.8
vapt service,0,10,0%,89.7
soc 2 certification in edinburgh,0,10,0%,90.1
next gen soc india,0,9,0%,16.67
cloud migration for legacy servers in india,0,9,0%,18.56
cloud infrastructure modernisation services india,0,9,0%,23.44
siem tooling,0,9,0%,31.89
siem solutions for channel product / technology,0,9,0%,35
siem technology,0,9,0%,35.22
it managed service provider in india,0,9,0%,40.11
what is infrastructure vapt,0,9,0%,60.67
soc 2 certification services,0,9,0%,63.44
iso iec 27001,0,9,0%,71.56
vapt testing tools,0,9,0%,73.44
it cloud migration indianapolis,0,9,0%,77.22
managed cyber security services india,0,9,0%,84.22
"i live in bangalore as a cybersecurity professional, i care about digital 
trust. i’m interested in who’s setting the bar for secure, compliant, and 
privacy-first operations. and are prioritizing cybersecurity as part of 
their innovation strategy. what specific ai projects or innovations have 
been developed by capital one's ai team?",0,8,0%,10.62
what is siem tool,0,8,0%,37
siem tools meaning,0,8,0%,38
what are the siem tools,0,8,0%,42.5
information technology security companies,0,8,0%,43.62
compliance solutions gdpr controls business processes,0,8,0%,46.75
automated vapt,0,8,0%,55.5
top 10 commercial & free vapt tools,0,8,0%,56.25
top 10 vapt tools,0,8,0%,57.88
cloud optimization services,0,8,0%,58.62
cybersecurity solutions for cooperative banks,0,8,0%,62.62
vapt types,0,8,0%,63.25
adit pvt ltd,0,8,0%,66.38
cybersecurity agencies,0,8,0%,67
managed services it providers,0,8,0%,67.12
vapt in cyber security,0,8,0%,71.88
iso 42001 certification,0,8,0%,72.38
iso 27001 information security,0,8,0%,75
managed soc services,0,8,0%,75.12
full form of vapt,0,7,0%,1
aadit facilities india pvt ltd bengaluru reviews,0,7,0%,11.71
services d'optimisation cloud,0,7,0%,37.43
managed it security,0,7,0%,45.29
cyber security products india,0,7,0%,47.71
it security vendors,0,7,0%,48.71
saas cyber security companies,0,7,0%,55.29
soc2 service provider,0,7,0%,58.14
vapt testing cost in india,0,7,0%,60.71
best cybersecurity companies 2020,0,7,0%,65
manage it systems,0,7,0%,65.43
soc 2 type 2 certification,0,7,0%,68.57
endpoint it,0,7,0%,70.57
it support managed service provider,0,7,0%,73.14
hipaa compliance it services,0,7,0%,75.14
cloud migration data security,0,7,0%,77.71
soc managed service,0,7,0%,78.57
soc 2 certification in london,0,7,0%,81.57
advanced endpoint protection,0,7,0%,87.14
soc 2 certification in uk,0,7,0%,88
"""vapt tools",0,6,0%,16.5
cyber it company,0,6,0%,43.17
cyber security bangalore,0,6,0%,43.5
cross-domain cloud security,0,6,0%,43.67
hipaa solutions,0,6,0%,44
hipaa compliance solutions amarillo,0,6,0%,44.5
cross domain protection,0,6,0%,44.67
hipaa compliance solutions lubbock,0,6,0%,54
it optimization services,0,6,0%,55.17
soc2 audit1,0,6,0%,57.17
top it managed service providers in india,0,6,0%,58
it managed services india,0,6,0%,59.33
soc 2 services,0,6,0%,59.33
managed soc compliance,0,6,0%,63
hipaa solution,0,6,0%,63.17
27001,0,6,0%,69.17
endpoint security distribution product / technology,0,6,0%,72.5
managed it services in india,0,6,0%,72.5
managed it services firm,0,6,0%,74.67
comparing apt detection solutions,0,6,0%,75.67
siem,0,6,0%,79.17
managed it solutions provider,0,6,0%,79.33
data protection companies in india,0,6,0%,87.17
gdpr audit services monaco,0,6,0%,87.5
iso 27001 compliance,0,6,0%,88.83
gdpr software solutions,0,6,0%,89
managed it services for enterprises,0,6,0%,93.83
cyber security rank of india,0,6,0%,94.33
aadit anand,0,5,0%,9.6
soc audit services india,0,5,0%,11.4
cloud security services in bangalore,0,5,0%,19.6
aisoc solution provider bangalore,0,5,0%,20.4
siem technology tools,0,5,0%,24
siem cyber security tools,0,5,0%,29.2
ai soc provider bangalore,0,5,0%,34.2
it-system management,0,5,0%,40.4
cloud cost optimization in pune,0,5,0%,41.2
cloud technology optimisation,0,5,0%,44.6
vapt workflow management tool,0,5,0%,53.2
cybersecurity compliance india,0,5,0%,55.4
information security vendors,0,5,0%,57.4
adiquity,0,5,0%,59.4
aadya security,0,5,0%,59.8
soc 2 type 2 certified it provider,0,5,0%,64.4
cyber security monitoring companies,0,5,0%,67.2
data center migration india,0,5,0%,69.6
soc 2 certification in new york,0,5,0%,74.6
27001 iso standard,0,5,0%,76.4
gdpr it oplossingen,0,5,0%,84.8
24x7 soc services,0,5,0%,85.4
it standards management,0,5,0%,90.2
what is 27001,0,5,0%,93.6
what is the full form of vapt?,0,4,0%,1
adt technologies,0,4,0%,3.5
asdit technology,0,4,0%,4.5
vapt stands for,0,4,0%,10
"i live in bangalore as a cybersecurity professional, i care about digital 
trust. i’m interested in who’s setting the bar for secure, compliant, and 
privacy-first operations. and are prioritizing cybersecurity as part of 
their innovation strategy. i'm looking to understand which banks are 
leading in ai patents, research, and publications. list some banks, and 
tell me for each why would you, or wouldn't you, recommend them; keep your 
rationale in the context of ai patents, research, and publications.",0,4,0%,11
vapt lifecycle,0,4,0%,15
soc compliance services,0,4,0%,23.5
cloud transition aad,0,4,0%,26
google cloud migration in india,0,4,0%,26.25
mssps in bangalore,0,4,0%,28.25
siem cyber security software,0,4,0%,29.25
enterprise cybersecurity strategies,0,4,0%,30.25
aditadv tech private limited,0,4,0%,34.25
"i live in bangalore as a cybersecurity professional, i care about digital 
trust. i’m interested in who’s setting the bar for secure, compliant, and 
privacy-first operations. and are prioritizing cybersecurity as part of 
their innovation strategy. can you recommend some banks that are technology 
leaders, specifically in ai? give me pros and cons for each bank.",0,4,0%,34.5
soc 2 compliance support indiana,0,4,0%,35.25
types of vapt testing,0,4,0%,35.75
cloud environment optimisation,0,4,0%,39
managed cyber security solutions for banks,0,4,0%,46.75
offsite disaster recovery solutions,0,4,0%,47.5
advisionit cloud,0,4,0%,47.75
top soc companies,0,4,0%,53
managed soc for enterprises,0,4,0%,53.75
best soc,0,4,0%,58.5
top 3 cyber security companies,0,4,0%,59
adit microsys pvt ltd,0,4,0%,64.5
vapt services,0,4,0%,66
it security iso 27001,0,4,0%,66.25
system management it,0,4,0%,67.75
soc 2 application support vendor,0,4,0%,68.5
managed soc solutions,0,4,0%,69.25
soc security,0,4,0%,70.25
iso iec 2700,0,4,0%,70.75
soc type 2 compliance,0,4,0%,71.25
soc 2 compliance certification,0,4,0%,71.75
apt it solutions,0,4,0%,73.75
what is vapt testing,0,4,0%,76
cyber security monitoring service provider india,0,4,0%,76.5
what is iso 42001,0,4,0%,77.5
managed it services india,0,4,0%,79.25
soc 2 certification in christchurch,0,4,0%,80
soc,0,4,0%,82
ai soc vendor bangalore,0,4,0%,82.5
evaluate the software development company facit on gdpr video compliance,0,4,0%,85.5
iso 27001 what is,0,4,0%,85.5
managed soc as a service,0,4,0%,85.5
iso27001 service,0,4,0%,85.75
1so 27001,0,4,0%,90.25
managed soc as a service solution provider,0,4,0%,93.25
adait,0,3,0%,2.33
24/7 managed cybersecurity services india,0,3,0%,5
aadit online,0,3,0%,5
cloud migration services companies india,0,3,0%,8.67
types of computer exploits,0,3,0%,10
cross platform migration services in india,0,3,0%,12
cybersecurity services india,0,3,0%,16.33
cloud optimisation services,0,3,0%,23
top security companies in bangalore,0,3,0%,23.67
vapt process,0,3,0%,25
vapt up,0,3,0%,26.33
it systems management solutions,0,3,0%,28
it security firm,0,3,0%,29.67
siemsoultions. tech,0,3,0%,29.67
application security company in bangalore,0,3,0%,30.33
cross domain cybersecurity,0,3,0%,32
hipaa compliance solutions,0,3,0%,33.67
vapt tool,0,3,0%,33.67
siem monitoring tool,0,3,0%,35.67
aadish technologies and softwares private limited,0,3,0%,36
cloud optimisation service providers in bangalore,0,3,0%,37.33
aadit global infraprojects pvt ltd,0,3,0%,38
adit,0,3,0%,39.67
cross domain technology,0,3,0%,40.67
cloud migration services in bangalore,0,3,0%,42.33
enterprise security best practices,0,3,0%,42.33
cloud performance optimization services,0,3,0%,43.33
cross domains,0,3,0%,44.33
future of cyber security in india,0,3,0%,48
soc it,0,3,0%,51.33
managed security services soc,0,3,0%,55.67
vapt wapt,0,3,0%,56
cloud security companies,0,3,0%,59.33
soc2 certification,0,3,0%,59.33
information security startups in india,0,3,0%,61.33
managed it compliance,0,3,0%,61.67
hipaa it solutions roanoke,0,3,0%,62.33
it management monitoring,0,3,0%,62.33
infrastructure vapt,0,3,0%,65
it security company in india,0,3,0%,65.67
top cybersecurity companies 2020,0,3,0%,67
ai soc provider india,0,3,0%,68.33
aadhar infonet pvt ltd,0,3,0%,68.67
facit software development gdpr video compliance,0,3,0%,69
automated audit solutions soc 2 certification,0,3,0%,73.67
information security environment in india,0,3,0%,74.67
iso 42001,0,3,0%,76
pci-dss linux sudoers audit,0,3,0%,76
gdpr technology solutions,0,3,0%,78.33
iso standard 27001,0,3,0%,78.67
iso 27001 user endpoint devices,0,3,0%,80
soc full form,0,3,0%,80.33
iso 270001,0,3,0%,85.67
what is a soc,0,3,0%,86
iso 27001 meaning,0,3,0%,91
aaddi,0,2,0%,1
aadit technologies pvt. ltd. bengaluru,0,2,0%,1
andit,0,2,0%,1
which certification carries the most weight with enterprise buyers,0,2,0%,1
aadit institution,0,2,0%,7
"what are the most affordable cloud migration and strategy consulting 
services for small it firms in india?",0,2,0%,8
"i live in bangalore as a cybersecurity professional, i care about digital 
trust. i’m interested in who’s setting the bar for secure, compliant, and 
privacy-first operations. and are prioritizing cybersecurity as part of 
their innovation strategy. what specific ai technologies has capital one 
implemented to improve customer experience?",0,2,0%,10
indian cybersecurity product company,0,2,0%,10
automated vapt tools,0,2,0%,10.5
cybersecurity services in india,0,2,0%,10.5
vapt life cycle,0,2,0%,11
cyber security it companies,0,2,0%,12.5
it security companies in india,0,2,0%,13.5
soc2 audit services in india,0,2,0%,16.5
cybersecurity solutions in india,0,2,0%,17
what is siem tools,0,2,0%,18.5
cyber security startups in bangalore,0,2,0%,19.5
top it security vendors,0,2,0%,19.5
aadit group,0,2,0%,22
evanti tech bangalore,0,2,0%,22
"which vulnerability management tools integrate well with existing security 
systems?",0,2,0%,22.5
"technical due diligence security vulnerability compliance scanning 
automated tools",0,2,0%,24.5
cybersecurity services bangalore,0,2,0%,25
cyber security siem tools,0,2,0%,25.5
it infrastructure services companies in bangalore,0,2,0%,26.5
cross domain integration tactics,0,2,0%,29.5
siem security tool,0,2,0%,29.5
siem tool used for,0,2,0%,30
best vendors for cross-domain response automation,0,2,0%,30.5
cross-domain,0,2,0%,31
siem big data,0,2,0%,31
adit tech pvt ltd,0,2,0%,34
cloud it migration,0,2,0%,37
what is a siem tool,0,2,0%,37
siem metrics,0,2,0%,39
data protection and compliance solutions,0,2,0%,39.5
cloud cost optimization for smbs,0,2,0%,40.5
top government cyber security companies,0,2,0%,41.5
hippa compliance solution,0,2,0%,43.5
difference between soc 1 and soc 2,0,2,0%,45
how to adapt cybersecurity strategies for organizations,0,2,0%,45.5
adivid technologies pvt ltd,0,2,0%,46
adit cloud,0,2,0%,47
enteprise it security,0,2,0%,47
cloud migration companies in bangalore,0,2,0%,47.5
what is siem tool kit,0,2,0%,47.5
msp managed service provider in india,0,2,0%,49.5
cyber security companies,0,2,0%,50.5
deloitte iso 27001 certification,0,2,0%,51.5
aadvik tech services,0,2,0%,52
gdpr solution,0,2,0%,54
apt testing software,0,2,0%,55
cyber security company in india,0,2,0%,56.5
gdpr solution providers,0,2,0%,57.5
it security providers,0,2,0%,58
managed security services for banks,0,2,0%,60
"cctv technician near mathikere, bangalore with phone number",0,2,0%,61
aadit fire testing laboratory,0,2,0%,62
soc 1 vs soc 2,0,2,0%,62
adit infratel private limited,0,2,0%,62.5
adit innovation private limited,0,2,0%,62.5
soc 2 complience,0,2,0%,62.5
cyber security solutions india,0,2,0%,63
adit associates co,0,2,0%,63.5
databit technologies pvt ltd,0,2,0%,63.5
cscrf services,0,2,0%,65
cyber security company names,0,2,0%,65
hipaa hitech compliance solution,0,2,0%,65
managed social,0,2,0%,65.5
wapt full form,0,2,0%,65.5
cybersecurity landscape in india,0,2,0%,66
socit,0,2,0%,66
anandit infotech india private limited,0,2,0%,66.5
aadya informatics pvt ltd,0,2,0%,67
adigitrans,0,2,0%,68
adis technologies,0,2,0%,69
it hippa,0,2,0%,69
anandit infotech india pvt ltd,0,2,0%,72.5
vapt tools for web applications,0,2,0%,72.5
adit group,0,2,0%,73
private cloud optimization services,0,2,0%,74.5
best digital risk protection services in india,0,2,0%,76
iso / iec 27001,0,2,0%,76
vapt security,0,2,0%,76
hipaa insurance,0,2,0%,76.5
iso 27001 information security standard,0,2,0%,77.5
it management systems,0,2,0%,79
iso 27001 service,0,2,0%,79.5
gdpr,0,2,0%,81
iso 27001 description,0,2,0%,82
managed it security services,0,2,0%,82
"hipaa compliance it services,united states,en,compliance",0,2,0%,84
iso 420001 certification,0,2,0%,84
iso 27001 security,0,2,0%,85
iec/iso 27001,0,2,0%,86
iso 27001 standard,0,2,0%,86.5
iso 27001 standards,0,2,0%,87
dpdp data protection tech,0,2,0%,87.5
soc 2 type 2 compliant,0,2,0%,88.5
wapt automated testing software,0,2,0%,89
pcidss,0,2,0%,90.5
what is iso 27001 compliance,0,2,0%,93.5
24/7 remote helpdesk support,0,2,0%,96.5
pci-dss linux privileged access,0,2,0%,99
/ithelp,0,1,0%,1
aditta,0,1,0%,1
cyber security best company in india,0,1,0%,1
"site:datanyze.com/people/aadit-chavda ""aadit"" ""chavda"" ""ca""",0,1,0%,1
soc bank,0,1,0%,1
tools for vapt,0,1,0%,1
top network security consulting services for it companies in india,0,1,0%,1
vapt long form,0,1,0%,1
is there any branch in bangalore,0,1,0%,2
provide the contact numbers of the management team members.,0,1,0%,2
aaditt,0,1,0%,3
adit technologies,0,1,0%,3
aditadv pvt ltd,0,1,0%,3
adite,0,1,0%,3
adti,0,1,0%,3
aldite,0,1,0%,3
daait,0,1,0%,3
"please provide the phone numbers for the advertising and marketing team 
members.",0,1,0%,3
only these?,0,1,0%,4
هم غلط,0,1,0%,4
adant ai,0,1,0%,5
adthi,0,1,0%,5
what are the best application security scanning tools?,0,1,0%,7
aadit nomadic ai linkedin,0,1,0%,8
cscrf cybersecurity,0,1,0%,8
cyber security in bangalore,0,1,0%,9
cybersecurity co,0,1,0%,9
cybersecurity company in bangalore,0,1,0%,9
"i live in bangalore as a cybersecurity professional, i care about digital 
trust. i’m interested in who’s setting the bar for secure, compliant, and 
privacy-first operations. and are prioritizing cybersecurity as part of 
their innovation strategy. what specific ai technologies or innovations has 
capital one implemented in their banking products that demonstrate a deep 
understanding and expertise in ai?",0,1,0%,9
"i live in bangalore as a cybersecurity professional, i care about digital 
trust. i’m interested in who’s setting the bar for secure, compliant, and 
privacy-first operations. and are prioritizing cybersecurity as part of 
their innovation strategy. which banks are currently leading in ai business 
applications (e.g., fraud detection, personalization, credit decisioning)? 
for each bank, discuss pros and cons in the context of ai business 
applications.",0,1,0%,9
vapt stand for,0,1,0%,9
"what are the best options for cheap version data sanitization for it 
consulting projects in india?",0,1,0%,9
aadit gupta,0,1,0%,10
aadit infra,0,1,0%,10
computer security services near me,0,1,0%,10
"i live in bangalore as a cybersecurity professional, i care about digital 
trust. i’m interested in who’s setting the bar for secure, compliant, and 
privacy-first operations. and are prioritizing cybersecurity as part of 
their innovation strategy. what specific ai technologies or startups has 
capital one invested in through their venture capital arm?",0,1,0%,10
what does vapt stand for in cybersecurity,0,1,0%,10
aadit palicha,0,1,0%,11
"i live in bangalore as a cybersecurity professional, i care about digital 
trust. i’m interested in who’s setting the bar for secure, compliant, and 
privacy-first operations. and are prioritizing cybersecurity as part of 
their innovation strategy. what ai patents has capital one filed recently, 
and how do they compare to those of other major banks?",0,1,0%,11
vapt abbreviation,0,1,0%,11
what does vapt stand for,0,1,0%,11
aditadv tech pvt ltd,0,1,0%,12
ai addit,0,1,0%,12
cybersecurity startup companies in bangalore,0,1,0%,12
aadit facilities india pvt ltd,0,1,0%,13
aashdit technologies llp,0,1,0%,13
cost optimization business in india,0,1,0%,13
soc 2 audit services,0,1,0%,13
cyber security near me,0,1,0%,14
iso 42001 certification consulting,0,1,0%,14
what does vapt stand for?,0,1,0%,14
soc 2 certification in india,0,1,0%,16
cybersecurity company in india,0,1,0%,17
"i live in bangalore as a cybersecurity professional, i care about digital 
trust. i’m interested in who’s setting the bar for secure, compliant, and 
privacy-first operations. and are prioritizing cybersecurity as part of 
their innovation strategy. which banks currently have the best reputation & 
market perception for their ai initiatives? for each bank, discuss pros and 
cons in the context of reputation & market perception of ai initiatives.",0,1,0%,17
iso 42001 assessment and certification in bangalore,0,1,0%,17
popular cyber security companies,0,1,0%,17
siem for threat detection,0,1,0%,17
soc 2 security compliance services,0,1,0%,17
cybersecurity for it companies india,0,1,0%,18
it cyber security companies,0,1,0%,19
soc 2 audit in india,0,1,0%,19
soc 2 compliance consulting,0,1,0%,19
top cybersecurity companies in india,0,1,0%,19
best enterprise cybersecurity testing tools,0,1,0%,20
dpdp data protection technology,0,1,0%,20
top cybersecurity company in india,0,1,0%,20
cyber defense companies,0,1,0%,21
iso 27001 consulting india,0,1,0%,21
top cyber security solutions,0,1,0%,21
best cyber security companies in india,0,1,0%,22
siem essentials,0,1,0%,22
companies providing cyber security,0,1,0%,23
siem cyber security solution,0,1,0%,23
soc 2 certification india,0,1,0%,23
cyber security product companies in india,0,1,0%,24
best data security companies,0,1,0%,25
cloud it migration services,0,1,0%,26
driveit technologies pvt ltd,0,1,0%,27
hire cloud migration company india,0,1,0%,27
siem monitoring solution,0,1,0%,28
siem soc tools,0,1,0%,28
siem tech,0,1,0%,28
cloud performance tuning,0,1,0%,29
cybersecurity siem tools,0,1,0%,29
managed it service provider in india,0,1,0%,29
open source vapt tools,0,1,0%,29
best cloud cost optimization tools india,0,1,0%,30
cloud soc managed services,0,1,0%,30
iso 27k,0,1,0%,30
it infrastructure companies in bangalore,0,1,0%,30
siem for cyber security,0,1,0%,30
tactical approaches in cross domain,0,1,0%,30
it infrastructure management services in bangalore,0,1,0%,31
best cybersecurity attack protection solutions for enterprise environments,0,1,0%,32
enterprise cyber talent strategies,0,1,0%,32
what is siem tool used for,0,1,0%,32
adit net,0,1,0%,33
dpdp technology,0,1,0%,33
vapt testing & applications security,0,1,0%,34
vulnerability scanner solution,0,1,0%,34
rsa siem tool,0,1,0%,35
siem tools used for,0,1,0%,35
cyber tech companies,0,1,0%,36
aconite technologies private limited,0,1,0%,38
phi compliance solutions,0,1,0%,38
siem tools with pre-built compliance report templates,0,1,0%,38
top 25 cybersecurity companies,0,1,0%,38
arridae infosec pvt ltd,0,1,0%,39
leading data security companies,0,1,0%,39
top digital security companies,0,1,0%,41
what is a cross domain,0,1,0%,41
cyderes bangalore,0,1,0%,42
cross-domain security,0,1,0%,43
security scanning solutions,0,1,0%,43
application security services in bangalore,0,1,0%,44
co-managed soc services,0,1,0%,44
advisionit cybersecurity,0,1,0%,45
enterprise cyber security,0,1,0%,45
vapt report full form,0,1,0%,45
crosspaths compromised,0,1,0%,46
cybersecurity for enterprise applications,0,1,0%,46
enterprise cybersecurity best practices,0,1,0%,46
gdpr compliance solution,0,1,0%,46
siem tool in cyber security,0,1,0%,46
top 10 cyber security experts in india,0,1,0%,46
adit portal,0,1,0%,47
what is a managed soc,0,1,0%,48
aadit enterprise,0,1,0%,49
cyber security for enterprise,0,1,0%,49
gdpr compliant solutions,0,1,0%,49
iso 27001 endpoint security,0,1,0%,49
aadhyatmik technologies private limited,0,1,0%,51
adweb technologies pvt ltd,0,1,0%,51
cloud migration startups,0,1,0%,51
cross domain violation,0,1,0%,51
cybersecurity company bangalore,0,1,0%,51
cyraacs bangalore,0,1,0%,51
upcoming cybersecurity companies,0,1,0%,51
aadit meaning,0,1,0%,52
adapt information technologies pvt ltd,0,1,0%,52
adedit,0,1,0%,52
adit innovation private limited ahmedabad,0,1,0%,52
cloud optimization services companies,0,1,0%,53
security assessment compliance india,0,1,0%,53
vapt testing companies in india,0,1,0%,53
adigsi,0,1,0%,54
iot cybersecurity companies,0,1,0%,54
aadtech,0,1,0%,55
adivid technologies,0,1,0%,55
enterprise cybersecurity solutions,0,1,0%,55
enterprise technology consulting,0,1,0%,55
soc2 certification cost in india,0,1,0%,55
top indian ot it cyber security products,0,1,0%,55
adweb technologies private limited,0,1,0%,56
adis technologies pvt ltd,0,1,0%,57
computer attacks,0,1,0%,57
navisite soc 2,0,1,0%,57
technology optimization services,0,1,0%,57
adiquity technologies private limited,0,1,0%,58
adit company,0,1,0%,58
gdpr companies bangalore,0,1,0%,58
it endpoint,0,1,0%,59
aadi technologies,0,1,0%,60
adiquity technologies,0,1,0%,60
best managed it operations services,0,1,0%,60
cybersecurity in india,0,1,0%,60
hipaa it compliance,0,1,0%,60
aadi technologies private limited,0,1,0%,61
aadyanta labs private limited,0,1,0%,61
aditinet,0,1,0%,61
cyber security future in india,0,1,0%,61
aadyanta labs,0,1,0%,62
aditadv tech,0,1,0%,62
cloud optimization service,0,1,0%,62
dc section 200,0,1,0%,62
iso 42001 certification india,0,1,0%,62
it managed service provider company,0,1,0%,62
soc2 cc8.1,0,1,0%,62
what is soc certification,0,1,0%,62
cyber security future challenges and opportunities,0,1,0%,63
ad it solutions,0,1,0%,64
adis technology,0,1,0%,64
adit solutions,0,1,0%,64
iso 27001 accreditation,0,1,0%,64
sysnet pci compliance,0,1,0%,64
adit microsys,0,1,0%,65
anandit infotech,0,1,0%,65
best managed it company,0,1,0%,65
gcc cloud migration services market,0,1,0%,65
soc 2 audit and reporting services in india,0,1,0%,65
demand of cyber security in india,0,1,0%,66
iso 27001 information,0,1,0%,66
soc 2 type i certified,0,1,0%,66
soc 2 type ii compliance,0,1,0%,66
top ssp in india,0,1,0%,66
aadhi softech solutions pvt ltd,0,1,0%,67
aadit fire testing laboratory private limited,0,1,0%,67
hipaa compliant it solutions,0,1,0%,67
it compliance wiki,0,1,0%,67
soc 2 audit services for saas companies,0,1,0%,67
va pt tools,0,1,0%,67
vapt testing software,0,1,0%,67
what is vapt process,0,1,0%,67
aaptteknous,0,1,0%,68
ai integration consulting for enterprise systems,0,1,0%,68
best it managed service provider,0,1,0%,68
isoiec 27001,0,1,0%,68
praadis technologies inc,0,1,0%,68
what is soc 2 type 2 compliance,0,1,0%,68
endpoint protection 2012,0,1,0%,69
gdpr it services,0,1,0%,69
information security management system iso 27001,0,1,0%,69
adit microsys private limited,0,1,0%,70
aditmicrosys,0,1,0%,70
iso 27001 compliance management,0,1,0%,70
iso 27001 it security,0,1,0%,70
soc 2 certifications,0,1,0%,70
cloud migration services mumbai,0,1,0%,71
indian banking community cloud,0,1,0%,71
24/7 soc service,0,1,0%,72
co managed soc,0,1,0%,72
iso/iec27001,0,1,0%,72
cloud migration and management services,0,1,0%,73
dyadic security,0,1,0%,73
enterprise managed service providers,0,1,0%,73
soc 2 certification in seattle,0,1,0%,73
third party soc,0,1,0%,73
adit india,0,1,0%,74
cyber security companies in noida,0,1,0%,74
endpoint security suite,0,1,0%,74
iso 27001 cyber security,0,1,0%,74
iso42001,0,1,0%,74
s.o.c meaning,0,1,0%,74
soc 2 type 2 compliance,0,1,0%,74
soc 2 type ii certification,0,1,0%,74
soc accreditation,0,1,0%,74
soc information security,0,1,0%,74
cyber security companies in gurgaon,0,1,0%,75
hipaa law in india,0,1,0%,75
soc 1 and soc 2 full form,0,1,0%,75
soc environment,0,1,0%,75
addison managed it,0,1,0%,76
compliance soc2,0,1,0%,76
free soc 2 certification,0,1,0%,76
managed security services india,0,1,0%,76
soc 2 compliance it services,0,1,0%,76
best it managed services companies,0,1,0%,77
iso 27001 compliance service,0,1,0%,77
iso 42001 certification for individuals,0,1,0%,77
siem acronym,0,1,0%,77
vapt sevices,0,1,0%,77
adit company ahmedabad,0,1,0%,78
full form of hipaa,0,1,0%,78
information security iso27001,0,1,0%,78
iso 2700,0,1,0%,78
iso 27001 what is it,0,1,0%,78
soc 1 type 2 report,0,1,0%,78
iso 27001 information security management,0,1,0%,79
it monitoring management,0,1,0%,79
soc meaning,0,1,0%,79
iso 27001 network audit,0,1,0%,80
security operations center services in india,0,1,0%,80
cloud migration companies in mumbai,0,1,0%,81
cybersecurity services and solutions provider,0,1,0%,81
iec 27001,0,1,0%,81
hipaa def,0,1,0%,82
iso 2701,0,1,0%,82
it hipaa,0,1,0%,82
soc full form in cyber security,0,1,0%,82
soc2 certification uk,0,1,0%,82
standard iso 27001,0,1,0%,82
feroot gdpr compliance solutions for saas,0,1,0%,83
it monitoring and maintenance,0,1,0%,83
what is soc in cyber security,0,1,0%,83
aadya it solutions,0,1,0%,84
endpoint security for linux threat prevention,0,1,0%,84
iso-27001,0,1,0%,84
managed it and cybersecurity provider,0,1,0%,85
soc as a service vendor,0,1,0%,85
27001 compliance,0,1,0%,86
isa 27001,0,1,0%,86
iso/iec 27001 overview,0,1,0%,86
managed soc tool,0,1,0%,86
soc 2 audit training,0,1,0%,86
soc 2 specialist,0,1,0%,86
what is socit,0,1,0%,86
27001 iso,0,1,0%,87
soc full form in mobile,0,1,0%,87
iso 27001 certifications,0,1,0%,88
iso 27001 compliance services,0,1,0%,88
managed soc solution,0,1,0%,88
about iso 27001,0,1,0%,89
cloud infra and cloud migration,0,1,0%,89
siem meaning,0,1,0%,89
soc audit consulting,0,1,0%,89
what is iso 27001 certification,0,1,0%,89
is soc 2 a certification or accreditation,0,1,0%,90
iso 27001 certification in ranipet,0,1,0%,90
iso 27001 iso27001,0,1,0%,91
who needs soc 2,0,1,0%,91
cloud roi optimization services,0,1,0%,92
managed it compliance service,0,1,0%,92
managed it compliance services,0,1,0%,93
what is the iso 27001 standard,0,1,0%,94
so 27001,0,1,0%,96
vapt testing services,0,1,0%,96
what does gdpr stand for,0,1,0%,97
what is iso 27001 standard,0,1,0%,97
what is iso27001,0,1,0%,97
dpdpa for it/ites & gccs,0,1,0%,98
iso 27001 means,0,1,0%,98
iso 27001 summary,0,1,0%,98
define iso 27001,0,1,0%,99
iso 27001 definition,0,1,0%,99
enterprise response to identity-based attacks,0,1,0%,100
soc services franklin,0,1,0%,201